strategy,universe_size,native_final,native_return,native_trades,bt_final,bt_return,bt_trades,return_diff,final_diff
Turtle Trading,5,1083420.27,8.34,49,1091873.69,9.19,45,-0.85,-8453.42
Momentum,5,997571.42,-0.24,149,1014855.03,1.49,133,-1.73,-17283.61
MA Cross,5,1014170.82,1.42,77,1023014.24,2.3,70,-0.88,-8843.42
MACD Signal,5,1118204.18,11.82,86,1103112.02,10.31,77,1.51,15092.16
Mean Reversion,5,1056765.35,5.68,95,1048460.48,4.85,89,0.83,8304.87
RSI Reversion,5,1147593.13,14.76,48,1172604.44,17.26,54,-2.5,-25011.31
Bollinger Breakout,5,983714.37,-1.63,61,990295.79,-0.97,61,-0.66,-6581.42
Volume Price,5,1020128.62,2.01,63,1021138.67,2.11,63,-0.1,-1010.05
Multi Factor,5,1100740.73,10.07,53,1112013.63,11.2,47,-1.13,-11272.9
